Date,Symbol,Series,Prev Close,Open,High,Low,Close,WAP,Volume,Turnover,Trades,Deliverable Volume,%Deliverable
2026-08-19,NVDA,EQ,,221.745,222.87,216.79,217.58,219.000609,2792416.0,611540804.581344,40344.0,,
2026-08-20,NVDA,EQ,217.58,218.58,219.84,215.665,216.89,217.223488,3014027.0,654717457.866176,41386.0,,
2026-08-21,NVDA,EQ,216.89,218.42,218.73,214.52,214.74,215.671565,3206855.0,691627436.5780749,45050.0,,
2026-08-24,NVDA,EQ,214.74,215.445,215.445,207.4,208.47,209.768344,3334636.0,699501071.5627841,47735.0,,
2026-08-25,NVDA,EQ,208.47,211.0,214.67,210.11,212.96,212.259143,3190154.0,677139354.078022,43714.0,,
2026-08-26,NVDA,EQ,212.96,212.44,213.6,209.25,209.77,210.640713,3944735.0,830921792.996055,41275.0,,
2026-08-27,NVDA,EQ,209.77,222.74,230.47,220.96,228.17,226.20711,7478380.0,1691662727.2818,107268.0,,
2026-08-28,NVDA,EQ,228.17,227.28,229.25,216.82,217.545,221.495386,5357434.0,1186646911.799524,60008.0,,
2026-08-31,NVDA,EQ,217.545,218.73,221.28,216.23,220.86,219.443552,3278990.0,719553212.5724801,37939.0,,
2026-09-01,NVDA,EQ,220.86,216.73,220.395,215.12,217.49,217.834885,3131622.0,682176518.2334701,35408.0,,
2026-09-02,NVDA,EQ,217.49,218.785,227.95,218.53,224.435,224.720838,4915686.0,1104657077.264868,53706.0,,
2026-09-03,NVDA,EQ,224.435,225.92,230.4,224.765,228.54,228.214672,3373106.0,769792279.411232,39133.0,,
2026-09-04,NVDA,EQ,228.54,231.11,234.75,229.635,230.19,231.843304,3592503.0,832897765.149912,42244.0,,
2026-09-08,NVDA,EQ,230.19,233.21,233.69,224.86,225.82,227.269575,3102034.0,704997948.81555,43666.0,,
2026-09-09,NVDA,EQ,225.82,225.2,226.07,223.46,223.77,224.267887,2177299.0,488298246.09721303,31701.0,,
2026-09-10,NVDA,EQ,223.77,220.525,220.98,217.21,218.37,218.474951,2640914.0,576973556.745214,39232.0,,
2026-09-11,NVDA,EQ,218.37,221.22,222.0,218.17,218.17,219.832916,1719278.0,377953896.154648,23811.0,,
2026-09-14,NVDA,EQ,218.17,211.195,212.745,208.94,211.0,211.148739,2427233.0,512507187.20918703,32829.0,,
2026-09-15,NVDA,EQ,211.0,213.285,213.93,211.16,212.165,212.394645,1959340.0,416153323.7343,25686.0,,
2026-09-16,NVDA,EQ,212.165,214.17,216.755,212.5,213.94,214.87283,2431203.0,522399468.91449,36750.0,,
2026-08-19,MU,EQ,,959.355,959.585,915.21,937.105,932.075761,579581.0,540213401.6361411,15938.0,,
2026-08-20,MU,EQ,937.105,935.15,977.02,929.49,974.185,956.858555,647667.0,619725709.7411851,15560.0,,
2026-08-21,MU,EQ,974.185,989.675,989.675,958.635,966.54,968.896493,331549.0,321236663.357657,10060.0,,
2026-08-24,MU,EQ,966.54,935.26,935.26,888.0,910.34,906.597387,559767.0,507483299.52882904,14973.0,,
2026-08-25,MU,EQ,910.34,927.73,946.38,916.53,932.51,929.018372,443486.0,412006641.724792,11782.0,,
2026-08-26,MU,EQ,932.51,926.0,945.675,925.935,936.375,937.822336,348912.0,327217466.89843196,9395.0,,
2026-08-27,MU,EQ,936.375,967.1,968.5,907.02,928.9,927.464692,657922.0,610199425.090024,18276.0,,
2026-08-28,MU,EQ,928.9,919.485,946.38,909.17,932.58,930.195188,475324.0,442144097.54091203,12516.0,,
2026-08-31,MU,EQ,932.58,931.39,959.93,930.99,958.31,945.416852,422600.0,399533161.6552,12006.0,,
2026-09-01,MU,EQ,958.31,939.48,969.39,923.0,933.34,942.153116,549706.0,517907220.78389597,14946.0,,
2026-09-02,MU,EQ,933.34,930.235,957.93,927.79,955.325,946.830855,424114.0,401564221.23747003,11697.0,,
2026-09-03,MU,EQ,955.325,957.01,959.63,919.11,958.325,944.401714,598056.0,564805111.467984,14367.0,,
2026-09-04,MU,EQ,958.325,971.4,1017.77,969.415,1015.0,998.800195,850076.0,849056074.56482,20634.0,,
2026-09-08,MU,EQ,1015.0,1037.0,1040.79,997.8,1000.27,1017.996022,766735.0,780533179.9281701,22352.0,,
2026-09-09,MU,EQ,1000.27,997.99,1042.38,992.47,1027.7,1026.093647,539393.0,553467730.536271,15596.0,,
2026-09-10,MU,EQ,1027.7,996.58,998.75,973.7,980.47,985.170808,553195.0,544991565.13156,15062.0,,
2026-09-11,MU,EQ,980.47,992.87,992.87,967.51,975.12,976.567682,469878.0,458867669.282796,13877.0,,
2026-09-14,MU,EQ,975.12,906.055,932.01,902.76,924.0,917.47375,655947.0,601814153.89125,16595.0,,
2026-09-15,MU,EQ,924.0,936.675,944.39,920.2,927.3,929.898365,339089.0,315318306.689485,10877.0,,
2026-09-16,MU,EQ,927.3,934.95,940.88,918.16,926.4,928.032998,411527.0,381910635.567946,13101.0,,
2026-08-19,SPY,ETF,,770.36,772.465,768.18,769.09,769.905026,1232803.0,949141225.767878,18984.0,,
2026-08-20,SPY,ETF,769.09,765.965,768.12,762.07,762.62,764.717407,1503589.0,1149820681.273723,20744.0,,
2026-08-21,SPY,ETF,762.62,765.99,767.84,764.185,765.64,765.809229,1272336.0,974366651.188944,17354.0,,
2026-08-24,SPY,ETF,765.64,764.75,765.19,762.08,763.46,763.746786,912839.0,697177852.385454,14244.0,,
2026-08-25,SPY,ETF,763.46,766.18,766.72,763.09,765.79,765.416805,766153.0,586426381.401165,13058.0,,
2026-08-26,SPY,ETF,765.79,764.73,767.32,763.94,765.94,765.95808,965696.0,739682654.02368,14580.0,,
2026-08-27,SPY,ETF,765.94,768.485,772.315,767.16,771.18,770.036863,1088051.0,837839378.824013,16587.0,,
2026-08-28,SPY,ETF,771.18,771.74,775.29,768.31,769.28,770.810245,1162974.0,896432273.86863,16938.0,,
2026-08-31,SPY,ETF,769.28,767.315,767.98,764.73,766.87,766.629968,1478181.0,1133217852.7282078,18769.0,,
2026-09-01,SPY,ETF,766.87,762.0,764.67,759.49,761.63,762.03699,1487135.0,1133251879.1236498,22024.0,,
2026-09-02,SPY,ETF,761.63,762.39,766.43,761.74,765.13,764.820716,900232.0,688516082.8061119,14968.0,,
2026-09-03,SPY,ETF,765.13,767.895,774.015,767.47,773.115,771.537757,1423986.0,1098658964.439402,21267.0,,
2026-09-04,SPY,ETF,773.115,772.035,772.85,769.0,770.18,770.478724,1009491.0,777791337.5694841,14829.0,,
2026-09-08,SPY,ETF,770.18,769.055,769.69,765.17,766.06,766.959672,1436767.0,1101942347.0604239,21487.0,,
2026-09-09,SPY,ETF,766.06,764.06,764.45,761.0,762.425,762.798667,1139680.0,869346384.80656,17622.0,,
2026-09-10,SPY,ETF,762.425,758.04,760.0,756.64,757.87,758.235291,1322690.0,1002910237.0527899,19819.0,,
2026-09-11,SPY,ETF,757.87,764.52,766.35,763.63,764.14,765.03018,1280621.0,979713714.14178,18871.0,,
2026-09-14,SPY,ETF,764.14,759.04,763.48,757.97,760.755,760.737504,1375953.0,1046739050.8413119,20295.0,,
2026-09-15,SPY,ETF,760.755,760.11,760.32,756.18,757.42,757.416638,1393828.0,1055708517.7102641,21268.0,,
2026-09-16,SPY,ETF,757.42,759.42,761.63,749.675,754.05,756.448847,1683360.0,1273375731.08592,25123.0,,
2026-08-19,VXUS,ETF,,87.29,87.29,86.765,86.95,87.00182,90579.0,7880537.85378,1227.0,,
2026-08-20,VXUS,ETF,86.95,86.87,87.3,86.845,87.015,86.983965,106558.0,9268837.34247,1275.0,,
2026-08-21,VXUS,ETF,87.015,87.795,87.89,87.61,87.7,87.741916,142327.0,12488043.678532,4495.0,,
2026-08-24,VXUS,ETF,87.7,87.325,87.34,86.95,87.2,87.138404,110447.0,9624175.306588,1372.0,,
2026-08-25,VXUS,ETF,87.2,87.78,88.14,87.585,88.11,87.943938,365983.0,32185986.261054,2187.0,,
2026-08-26,VXUS,ETF,88.11,88.085,88.23,87.765,87.795,87.93626,178573.0,15703041.75698,2163.0,,
2026-08-27,VXUS,ETF,87.795,87.94,87.95,87.58,87.9,87.774646,265935.0,23342350.48401,2899.0,,
2026-08-28,VXUS,ETF,87.9,88.24,88.4,87.335,87.525,87.772818,169448.0,14872928.464464,1474.0,,
2026-08-31,VXUS,ETF,87.525,87.785,87.82,87.165,87.315,87.392888,218507.0,19095957.778216,1877.0,,
2026-09-01,VXUS,ETF,87.315,87.06,87.345,86.5,86.685,86.994138,136178.0,11846687.724564001,1837.0,,
2026-09-02,VXUS,ETF,86.685,86.87,87.155,86.79,87.155,87.00969,93726.0,8155070.204940001,966.0,,
2026-09-03,VXUS,ETF,87.155,87.66,88.045,87.33,87.97,87.791909,232498.0,20411443.258682,1953.0,,
2026-09-04,VXUS,ETF,87.97,87.845,88.49,87.8,88.405,88.235061,523424.0,46184348.568864,5745.0,,
2026-09-08,VXUS,ETF,88.405,88.51,88.52,88.04,88.06,88.320134,217602.0,19218637.798668,3070.0,,
2026-09-09,VXUS,ETF,88.06,87.88,87.945,87.3,87.395,87.504473,250861.0,21951459.601253003,2291.0,,
2026-09-10,VXUS,ETF,87.395,86.65,86.78,86.2,86.285,86.420816,176722.0,15272459.445152,2228.0,,
2026-09-11,VXUS,ETF,86.285,87.38,87.38,87.02,87.13,87.190512,305447.0,26632080.318864,3235.0,,
2026-09-14,VXUS,ETF,87.13,85.9,86.515,85.715,86.03,86.09493,193034.0,16619248.71762,2289.0,,
2026-09-15,VXUS,ETF,86.03,85.885,85.89,85.4,85.67,85.607625,255864.0,21903909.362999998,3534.0,,
2026-09-16,VXUS,ETF,85.67,86.21,86.335,84.95,85.41,85.901718,235840.0,20259061.17312,1909.0,,
2026-08-19,MSFT,EQ,,479.82,489.155,479.72,484.42,483.964885,544751.0,263640355.068635,11409.0,,
2026-08-20,MSFT,EQ,484.42,482.4,484.105,479.525,481.205,481.699104,401570.0,193435909.19327998,8736.0,,
2026-08-21,MSFT,EQ,481.205,480.585,486.33,478.91,483.33,483.377421,437111.0,211289587.87073103,10310.0,,
2026-08-24,MSFT,EQ,483.33,483.23,490.56,481.9,487.32,487.464219,420632.0,205043049.36640802,9960.0,,
2026-08-25,MSFT,EQ,487.32,485.565,492.37,484.425,491.55,489.314874,400583.0,196011220.171542,10225.0,,
2026-08-26,MSFT,EQ,491.55,487.855,497.4,487.55,496.36,494.929256,443202.0,219353636.117712,9930.0,,
2026-08-27,MSFT,EQ,496.36,494.7,506.41,490.13,504.98,502.128602,947015.0,475523318.02303,19023.0,,
2026-08-28,MSFT,EQ,504.98,505.33,517.755,504.975,513.67,513.917577,1011599.0,519878506.9756231,22278.0,,
2026-08-31,MSFT,EQ,513.67,510.32,512.18,506.4,506.95,509.682854,538872.0,274653818.900688,11732.0,,
2026-09-01,MSFT,EQ,506.95,497.845,505.91,497.11,501.19,501.212697,482981.0,242076209.609757,11368.0,,
2026-09-02,MSFT,EQ,501.19,499.78,500.24,493.83,496.74,496.735384,369238.0,183413579.717392,9056.0,,
2026-09-03,MSFT,EQ,496.74,501.4,515.55,501.4,510.15,511.754914,850782.0,435391869.24274796,17007.0,,
2026-09-04,MSFT,EQ,510.15,510.1,510.82,499.38,499.545,501.459867,542979.0,272282177.123793,11799.0,,
2026-09-08,MSFT,EQ,499.545,493.2,495.05,490.16,493.92,492.478912,478010.0,235409844.72511998,12551.0,,
2026-09-09,MSFT,EQ,493.92,492.56,494.22,489.8,491.65,492.118791,327829.0,161330811.13473898,9574.0,,
2026-09-10,MSFT,EQ,491.65,488.34,494.46,486.25,492.49,491.505665,358672.0,176289319.87688002,8894.0,,
2026-09-11,MSFT,EQ,492.49,495.67,498.825,492.665,495.58,495.964224,368151.0,182589725.029824,9966.0,,
2026-09-14,MSFT,EQ,495.58,497.52,509.92,495.45,505.72,503.439666,830370.0,418041195.45642,16892.0,,
2026-09-15,MSFT,EQ,505.72,500.06,505.78,495.555,497.105,499.064612,729264.0,363949855.205568,15895.0,,
2026-09-16,MSFT,EQ,497.105,493.35,495.815,487.26,490.45,491.983891,636769.0,313280090.28817904,12809.0,,
2026-08-19,GOOGL,EQ,,342.5,346.72,340.78,344.795,344.400944,684392.0,235705250.86604798,16777.0,,
2026-08-20,GOOGL,EQ,344.795,342.795,343.83,338.57,340.59,340.911231,591452.0,201632629.397412,15405.0,,
2026-08-21,GOOGL,EQ,340.59,342.355,346.175,340.42,344.75,344.095599,616795.0,212236444.985205,13896.0,,
2026-08-24,GOOGL,EQ,344.75,343.62,351.59,342.49,348.09,348.951441,861403.0,300587818.131723,18423.0,,
2026-08-25,GOOGL,EQ,348.09,349.375,350.09,345.61,346.945,347.012685,692301.0,240237228.83818498,15565.0,,
2026-08-26,GOOGL,EQ,346.945,346.61,346.745,340.205,342.06,342.447957,568863.0,194805972.16289097,13726.0,,
2026-08-27,GOOGL,EQ,342.06,339.68,341.69,338.54,340.59,340.45761,767720.0,261376116.34919998,16396.0,,
2026-08-28,GOOGL,EQ,340.59,340.845,349.09,340.77,346.61,346.171374,929692.0,321832757.036808,16672.0,,
2026-08-31,GOOGL,EQ,346.61,344.04,344.24,337.165,339.17,339.033939,613493.0,207994948.33892697,14541.0,,
2026-09-01,GOOGL,EQ,339.17,335.855,337.175,333.11,334.995,335.409249,653878.0,219316728.917622,18049.0,,
2026-09-02,GOOGL,EQ,334.995,333.725,339.73,332.97,337.12,337.312486,619670.0,209022428.19961998,14584.0,,
2026-09-03,GOOGL,EQ,337.12,340.41,344.555,340.22,342.39,342.601611,644946.0,220959538.608006,14766.0,,
2026-09-04,GOOGL,EQ,342.39,342.605,343.505,337.1,338.34,339.039191,586852.0,198965827.31673202,15260.0,,
2026-09-08,GOOGL,EQ,338.34,335.44,339.64,333.235,338.39,336.969346,752823.0,253678273.963758,16465.0,,
2026-09-09,GOOGL,EQ,338.39,331.53,331.685,327.92,330.655,329.900666,1192931.0,393548731.392046,26051.0,,
2026-09-10,GOOGL,EQ,330.655,328.165,333.21,327.79,332.67,330.940105,475560.0,157381876.33380002,12777.0,,
2026-09-11,GOOGL,EQ,332.67,335.05,342.91,335.05,338.44,339.692289,586340.0,199175176.73226002,14574.0,,
2026-09-14,GOOGL,EQ,338.44,342.995,349.9,342.35,349.445,346.655158,1245888.0,431893501.490304,27872.0,,
2026-09-15,GOOGL,EQ,349.445,346.86,348.03,342.71,344.98,344.604905,551631.0,190094748.35005498,13657.0,,
2026-09-16,GOOGL,EQ,344.98,346.99,348.39,340.69,342.94,344.912952,588712.0,203054393.79782403,13026.0,,
2026-08-19,META,EQ,,541.34,554.04,537.4,546.19,547.693241,747715.0,409518451.69431496,16388.0,,
2026-08-20,META,EQ,546.19,546.595,549.75,539.37,545.77,544.337348,597437.0,325207272.17707604,13272.0,,
2026-08-21,META,EQ,545.77,546.795,553.86,543.39,549.58,550.223733,447519.0,246235574.768427,10068.0,,
2026-08-24,META,EQ,549.58,550.25,561.39,546.415,559.05,556.039082,428224.0,238109279.850368,10488.0,,
2026-08-25,META,EQ,559.05,563.47,570.73,561.48,569.99,566.613767,349034.0,197767469.55107802,9455.0,,
2026-08-26,META,EQ,569.99,590.95,593.2,561.99,576.25,576.746997,1061209.0,612049103.939373,26070.0,,
2026-08-27,META,EQ,576.25,575.03,588.365,567.775,571.03,574.6651,422203.0,242625329.21530002,11355.0,,
2026-08-28,META,EQ,571.03,571.835,589.035,571.525,577.9,579.376165,411760.0,238563929.7004,10261.0,,
2026-08-31,META,EQ,577.9,577.72,578.42,569.165,572.485,572.299701,338579.0,193768660.464879,9889.0,,
2026-09-01,META,EQ,572.485,558.2,584.905,556.8,578.72,577.664822,472602.0,273005550.206844,12518.0,,
2026-09-02,META,EQ,578.72,578.705,600.27,577.4,592.93,593.276624,602267.0,357310932.506608,14070.0,,
2026-09-03,META,EQ,592.93,604.78,619.38,604.43,610.68,613.913499,689492.0,423288446.252508,15773.0,,
2026-09-04,META,EQ,610.68,612.49,617.415,605.38,616.75,612.116016,485024.0,296890958.544384,13575.0,,
2026-09-08,META,EQ,616.75,615.665,624.45,609.93,613.36,616.480384,811264.0,500128342.245376,14814.0,,
2026-09-09,META,EQ,613.36,648.35,657.83,638.71,653.41,650.31875,1276194.0,829932886.8375,27488.0,,
2026-09-10,META,EQ,653.41,654.005,663.095,642.25,644.355,650.076469,606846.0,394496304.906774,14090.0,,
2026-09-11,META,EQ,644.355,653.51,664.05,646.21,647.97,651.81093,474201.0,309089394.81693,10713.0,,
2026-09-14,META,EQ,647.97,657.21,668.535,649.34,665.64,660.465669,694608.0,458764737.41275203,14907.0,,
2026-09-15,META,EQ,665.64,658.93,678.8,656.47,670.49,669.144781,715390.0,478699484.87959,17388.0,,
2026-09-16,META,EQ,670.49,679.88,685.0,672.07,673.59,678.087304,545741.0,370060043.372264,13408.0,,
2026-08-19,AMD,EQ,,484.95,486.86,462.72,466.23,468.1557,551363.0,258123731.21910003,10849.0,,
2026-08-20,AMD,EQ,466.23,466.1,475.41,460.81,469.39,467.02638,354544.0,165581400.87072,7258.0,,
2026-08-21,AMD,EQ,469.39,474.61,476.78,462.21,473.2,469.999125,276961.0,130171427.659125,6365.0,,
2026-08-24,AMD,EQ,473.2,466.65,466.96,451.42,456.87,457.330628,291280.0,133211265.32383999,7270.0,,
2026-08-25,AMD,EQ,456.87,474.6,481.3,469.47,479.055,477.010728,612564.0,292199599.58659196,12247.0,,
2026-08-26,AMD,EQ,479.055,475.34,490.87,474.91,480.84,483.557354,317994.0,153768337.22787598,7964.0,,
2026-08-27,AMD,EQ,480.84,482.0,482.58,470.075,476.685,474.964914,438912.0,208467800.333568,9460.0,,
2026-08-28,AMD,EQ,476.685,472.52,478.55,465.29,465.61,470.728518,369817.0,174083408.341206,7400.0,,
2026-08-31,AMD,EQ,465.61,465.46,475.35,464.06,470.66,469.028118,306199.0,143615940.703482,6053.0,,
2026-09-01,AMD,EQ,470.66,457.67,461.3,452.37,459.735,457.335213,378085.0,172911584.007105,8588.0,,
2026-09-02,AMD,EQ,459.735,458.94,461.68,452.37,456.51,457.21437,224539.0,102662457.42543,5730.0,,
2026-09-03,AMD,EQ,456.51,452.98,459.69,440.625,456.24,452.892142,308516.0,139724472.081272,7596.0,,
2026-09-04,AMD,EQ,456.24,460.455,478.795,458.33,477.45,471.568358,521716.0,246024757.462328,9615.0,,
2026-09-08,AMD,EQ,477.45,488.49,512.345,487.655,505.635,503.343418,906666.0,456364363.424388,18220.0,,
2026-09-09,AMD,EQ,505.635,508.005,526.675,506.515,521.13,520.407039,668558.0,347922289.17976207,12124.0,,
2026-09-10,AMD,EQ,521.13,508.27,514.53,502.96,503.8,506.834663,356617.0,180745857.015071,7214.0,,
2026-09-11,AMD,EQ,503.8,510.39,520.775,501.575,516.115,514.746185,509980.0,262510259.4263,9301.0,,
2026-09-14,AMD,EQ,516.115,486.28,498.365,480.46,493.36,489.918592,771668.0,378054500.051456,13820.0,,
2026-09-15,AMD,EQ,493.36,501.075,513.47,497.98,504.25,505.589791,418219.0,211447256.802229,8462.0,,
2026-09-16,AMD,EQ,504.25,517.255,527.24,506.08,512.78,519.667764,564890.0,293555123.20596004,11125.0,,
2026-08-19,BAC,EQ,,64.24,64.31,62.98,63.18,63.437968,1829058.0,116031722.874144,16537.0,,
2026-08-20,BAC,EQ,63.18,63.02,63.235,61.82,61.915,62.559106,2177216.0,136204686.528896,15757.0,,
2026-08-21,BAC,EQ,61.915,62.325,62.515,61.525,61.7,61.915571,2404738.0,148890726.375398,15128.0,,
2026-08-24,BAC,EQ,61.7,61.73,62.755,61.55,62.335,62.318875,1912958.0,119213390.48224999,14310.0,,
2026-08-25,BAC,EQ,62.335,62.355,62.57,61.88,62.42,62.271359,1537711.0,95755353.719249,10534.0,,
2026-08-26,BAC,EQ,62.42,62.49,62.515,61.94,62.22,62.301136,1140466.0,71052327.369376,7563.0,,
2026-08-27,BAC,EQ,62.22,61.75,62.005,61.105,61.16,61.468997,2375219.0,146002329.585343,18201.0,,
2026-08-28,BAC,EQ,61.16,61.5,62.55,61.365,62.33,62.15773,2120758.0,131821503.15934001,13778.0,,
2026-08-31,BAC,EQ,62.33,62.27,62.47,61.91,61.94,62.111348,1637657.0,101717083.831636,11874.0,,
2026-09-01,BAC,EQ,61.94,61.92,62.825,61.73,62.01,62.166539,1587316.0,98677942.019324,11275.0,,
2026-09-02,BAC,EQ,62.01,62.29,63.55,61.94,62.61,62.705601,1966475.0,123308996.726475,14942.0,,
2026-09-03,BAC,EQ,62.61,62.815,63.265,62.32,63.06,62.898491,1837955.0,115604596.025905,14391.0,,
2026-09-04,BAC,EQ,63.06,62.585,62.91,61.965,62.68,62.502867,2009594.0,125605386.505998,14183.0,,
2026-09-08,BAC,EQ,62.68,62.53,62.815,62.11,62.39,62.510694,1895981.0,118519088.120814,15331.0,,
2026-09-09,BAC,EQ,62.39,61.945,63.185,61.44,62.695,62.670539,2199098.0,137818656.973822,16131.0,,
2026-09-10,BAC,EQ,62.695,62.62,63.0,62.225,62.58,62.452457,1453971.0,90804061.356747,11724.0,,
2026-09-11,BAC,EQ,62.58,63.225,63.83,62.375,62.69,62.816215,1568559.0,98530939.384185,12183.0,,
2026-09-14,BAC,EQ,62.69,62.305,62.435,58.925,59.465,60.326831,5235643.0,315849750.437333,32030.0,,
2026-09-15,BAC,EQ,59.465,59.235,59.915,58.775,59.485,59.403567,3948484.0,234554033.842428,26635.0,,
2026-09-16,BAC,EQ,59.485,59.33,59.37,57.18,57.89,58.160802,3765373.0,218997113.50914598,23347.0,,
2026-08-19,VGIT,ETF,,58.535,58.535,58.42,58.53,58.493669,219506.0,12839711.307513999,561.0,,
2026-08-20,VGIT,ETF,58.53,58.37,58.43,58.355,58.4,58.393674,339752.0,19839367.528848,582.0,,
2026-08-21,VGIT,ETF,58.4,58.37,58.37,58.29,58.315,58.340447,339451.0,19803723.074596997,568.0,,
2026-08-24,VGIT,ETF,58.315,58.355,58.42,58.355,58.375,58.384262,200929.0,11731091.379398,514.0,,
2026-08-25,VGIT,ETF,58.375,58.5,58.6,58.49,58.59,58.539743,184374.0,10793206.575882,403.0,,
2026-08-26,VGIT,ETF,58.59,58.5,58.51,58.455,58.485,58.476739,147274.0,8612103.259486001,380.0,,
2026-08-27,VGIT,ETF,58.485,58.5,58.525,58.43,58.45,58.473754,246150.0,14393314.5471,773.0,,
2026-08-28,VGIT,ETF,58.45,58.445,58.53,58.225,58.235,58.288106,363850.0,21208127.3681,1064.0,,
2026-08-31,VGIT,ETF,58.235,58.215,58.22,58.17,58.2,58.195853,196486.0,11434670.372558,334.0,,
2026-09-01,VGIT,ETF,58.2,57.905,57.98,57.855,57.86,57.907329,100590.0,5824898.22411,392.0,,
2026-09-02,VGIT,ETF,57.86,57.9,57.915,57.845,57.915,57.879109,134205.0,7767665.823345,490.0,,
2026-09-03,VGIT,ETF,57.915,58.05,58.05,57.97,57.97,58.01631,160845.0,9331633.38195,320.0,,
2026-09-04,VGIT,ETF,57.97,57.94,57.99,57.93,57.93,57.951207,67385.0,3905042.0836949996,196.0,,
2026-09-08,VGIT,ETF,57.93,57.94,57.94,57.845,57.89,57.890942,114192.0,6610682.448864,208.0,,
2026-09-09,VGIT,ETF,57.89,57.85,57.885,57.75,57.775,57.79303,104999.0,6068210.35697,247.0,,
2026-09-10,VGIT,ETF,57.775,57.54,57.565,57.41,57.42,57.491005,130366.0,7494872.35783,356.0,,
2026-09-11,VGIT,ETF,57.42,57.5,57.52,57.325,57.335,57.392525,127105.0,7294876.890125,241.0,,
2026-09-14,VGIT,ETF,57.335,57.29,57.405,57.22,57.285,57.333257,101318.0,5808890.932726,244.0,,
2026-09-15,VGIT,ETF,57.285,57.245,57.29,57.23,57.24,57.254777,165085.0,9451904.861045,321.0,,
2026-09-16,VGIT,ETF,57.24,57.33,57.43,57.165,57.175,57.301499,174856.0,10019510.909144,381.0,,
2026-08-19,BND,ETF,,72.52,72.57,72.4,72.57,72.48693,250564.0,18162615.12852,1031.0,,
2026-08-20,BND,ETF,72.57,72.325,72.425,72.27,72.335,72.328328,491568.0,35554291.538304,1657.0,,
2026-08-21,BND,ETF,72.335,72.33,72.34,72.205,72.23,72.235931,165065.0,11923623.950514998,723.0,,
2026-08-24,BND,ETF,72.23,72.305,72.425,72.305,72.365,72.375867,225856.0,16346523.817152,933.0,,
2026-08-25,BND,ETF,72.365,72.565,72.68,72.515,72.68,72.602807,198350.0,14400766.76845,676.0,,
2026-08-26,BND,ETF,72.68,72.57,72.59,72.51,72.59,72.550137,397466.0,28836212.752842,1208.0,,
2026-08-27,BND,ETF,72.59,72.58,72.62,72.5,72.55,72.548034,366912.0,26618744.251008,1198.0,,
2026-08-28,BND,ETF,72.55,72.54,72.645,72.305,72.325,72.377824,277270.0,20068199.26048,1241.0,,
2026-08-31,BND,ETF,72.325,72.235,72.25,72.17,72.25,72.211104,145601.0,10514008.953504002,841.0,,
2026-09-01,BND,ETF,72.25,71.86,71.98,71.775,71.785,71.832758,424065.0,30461758.52127,1554.0,,
2026-09-02,BND,ETF,71.785,71.83,71.855,71.745,71.845,71.803159,362825.0,26051981.164174996,1733.0,,
2026-09-03,BND,ETF,71.845,72.03,72.045,71.92,71.92,71.982669,369216.0,26577153.117504,1297.0,,
2026-09-04,BND,ETF,71.92,71.945,72.015,71.93,71.955,71.968509,326022.0,23463317.241198,1288.0,,
2026-09-08,BND,ETF,71.955,71.96,71.98,71.81,71.885,71.908164,524158.0,37691239.425912,1445.0,,
2026-09-09,BND,ETF,71.885,71.85,71.895,71.66,71.73,71.743241,294778.0,21148329.095498,1188.0,,
2026-09-10,BND,ETF,71.73,71.42,71.475,71.255,71.26,71.315192,634127.0,45222888.757383995,3032.0,,
2026-09-11,BND,ETF,71.26,71.405,71.44,71.185,71.2,71.272787,460644.0,32831381.694827996,1364.0,,
2026-09-14,BND,ETF,71.2,71.14,71.345,71.035,71.165,71.247558,488442.0,34800299.724635996,1617.0,,
2026-09-15,BND,ETF,71.165,71.12,71.165,71.075,71.135,71.117917,321712.0,22879487.313904002,1149.0,,
2026-09-16,BND,ETF,71.135,71.245,71.41,71.095,71.11,71.294006,490919.0,34999582.131514,1601.0,,
